Id,Prediction
1,0.17126902431713614
2,0.5777834160543993
3,0.3085677854824139
4,0.4687444453659959
5,0.48507564159881095
6,0.43763807194755483
7,0.40643873530511654
8,0.3841789000509387
9,0.5504931227028593
10,0.37376295466402776
11,0.4314963106170486
12,0.31746590267237895
13,0.2793404932729007
14,0.3806242053809929
15,0.36720616555138763
16,0.4704908459005856
17,0.3304394211221648
18,0.3833785102983642
19,0.517711415585498
20,0.40767991678571985
21,0.26506739458297085
22,0.27759450211818193
23,0.14349202622181792
24,0.7870142278467074
25,0.2863849655650338
26,0.46943762482632334
27,5.988846740650196e-06
28,0.4213458849054782
29,0.4539252072815857
30,0.45653040806483797
31,0.5294584766614202
32,0.27531414878750315
33,0.700019788904667
34,0.4495414493685387
35,0.4222618265400542
36,0.5479147485092332
37,0.0
38,0.21292657095973816
39,0.21940902340918864
40,0.39152563274295427
41,0.4193339902443493
42,0.5200634724592236
43,0.04513736467367743
44,0.08565300081457924
45,0.7933105149432718
46,0.4119824551740533
47,0.0
48,0.7967075276295252
49,0.5896593396451684
50,0.45880741997808916
51,0.7680413961412749
52,0.6375807153194054
53,0.26385424133583274
54,0.6980031484143121
55,0.39354250933232254
56,0.4984854238263477
57,0.5771654836128614
58,0.3302219825189344
59,0.6696283402378758
60,0.588401362681729
61,0.5358192899319391
62,2.5413005864510885e-05
63,0.662645516716522
64,0.5567318950629604
65,0.3975072527757504
66,0.6131842487199903
67,0.591235245998302
68,0.3159655955061526
69,0.46034894556135725
70,0.44570898107726187
71,0.3929653710210899
72,0.40753304950985625
73,0.558659487551524
74,0.4889808949037165
75,0.3708443491485079
76,0.3122698911480853
77,0.4982940052118006
78,0.36650802706737606
79,0.4425503379793201
80,0.7330013408185763
81,0.36853823896647503
82,0.746659006561299
83,0.6626229030615528
84,0.26563734337619566
85,0.24168970280990565
86,0.01168514905013964
87,0.2973561735797484
88,0.4965322573151038
89,0.4150458951539504
90,0.3789522197546499
91,0.44292117375902773
92,0.25691959619037
93,0.36707278622712897
94,0.4272411557587493
95,0.5579881167225501
96,0.3983014665506006
97,0.5430250245551906
98,0.05950910402186594
99,0.04068996948038155
100,0.2205928010544674
101,0.00029335296149864273
102,0.0
103,0.5346933754034449
104,0.0010480211816297832
105,0.469619895407287
106,0.409323531951425
107,0.0
108,0.3288233180028505
109,0.21604006924740166
110,0.17803886564548263
111,0.447182817747551
112,0.8026399123187011
113,0.23439477482547483
114,0.2240398932285254
115,0.5176630977782699
116,0.000751278390044694
117,0.5318450225799551
118,0.43514829387215315
119,0.0006607827319757025
120,0.013933952521766258
121,0.4255587577370822
122,0.8435718327713766
123,0.5635249519191963
124,0.33094092800317665
125,0.4692337865573366
126,0.37117962568465374
127,0.48823662110795946
128,0.27129762909276395
129,0.024458563691464753
130,0.6821678442308254
131,0.0034659575184023063
132,0.3017063717247428
133,0.40546715995457827
134,0.32979287408991903
135,0.2611266759978386
136,0.44097763776379717
137,0.0027339911490243435
138,0.5032745203763442
139,0.5042078550060382
140,0.3170042720396226
141,0.2364668031805671
142,0.4566637915156992
143,0.0
144,0.3511512872234559
145,0.7307994800233091
146,0.43920283068379934
147,0.2172513493920089
148,0.481559371633068
149,0.7478213612353294
150,0.3244672901301995
151,0.2171104986900726
152,0.5149587224112627
153,0.6046986468025674
154,0.5093025965258225
155,0.2486665164139493
156,0.547404676589565
157,0.49188464128339665
158,0.5006100904451667
159,0.14021472223141518
160,0.2695734857452241
161,0.1089867623520248
162,0.5806083349375627
163,0.41170492459166935
164,0.0025936338706576143
165,0.6506674959618697
166,0.46573438093715636
167,0.27357168715431907
168,0.29340821000857104
169,0.5609172920639508
170,0.0
171,0.5085558218357663
172,0.5949236742620676
173,0.39643251552299263
174,0.5090118173181567
175,0.43200716183063187
176,0.22087415455048656
177,0.5736918585265602
178,0.657196327616846
179,0.42051841835725856
180,0.47707056716442975
181,0.2949674870122241
182,0.6787576249430034
183,0.28109239295600835
184,0.362583931675182
185,0.4831622164292381
186,0.42601137412671475
187,0.2483112485886345
188,0.20435494481748231
189,0.6982916223093774
190,0.36880473065584807
191,0.5916491150125636
192,0.3405859001338504
193,0.4109222516821251
194,0.6568229157390786
195,0.0
196,0.0
197,0.5225095687409916
198,0.5694337392960155
199,0.0032403042148950005
200,0.5170310964141143
201,0.40042120628503397
202,0.8476702777751214
203,0.3062188557409602
204,0.6061755473315193
205,0.23670133301770688
206,0.3790029332724131
207,0.8056024009366135
208,0.547968699320383
209,0.39128392830209924
210,0.47446355660209144
211,0.05427563284014335
212,0.5214658401995952
213,0.3909006094578768
214,0.5417103335259904
215,0.4566144927461909
216,0.546170129731424
217,0.11423797693947631
218,0.5384618215865166
219,0.0
220,0.0056208709628429694
221,0.55993081079873
222,0.4345543802793247
223,0.5395480092646068
224,0.46129175104673414
225,0.4145096091292679
226,0.28183870609204953
227,0.5402746352429727
228,0.5025013277758851
229,0.27607409415147643
230,0.3555905168150451
231,0.5931038299884555
232,0.44012883472713726
233,0.043306452524646356
234,0.5587101548816072
235,0.3442433217995131
236,0.07199943561162514
237,0.007649598183169386
238,0.5323399280186161
239,0.44763872272285943
240,0.15715990478684533
241,0.22197247732142675
242,0.4086257650236264
243,0.5083197270532694
244,0.13329428299588783
245,0.4859921199056292
246,0.1605748658649584
247,0.521613525702007
248,0.4587609115940798
249,0.23525410475659023
250,0.0
251,0.689232422975918
252,0.3939889893354519
253,0.09964889352822753
254,0.46898563722333325
255,0.676052979811159
256,0.4309165649675658
257,0.44675259406942963
258,0.3159163794441046
259,0.4549092820968245
260,0.1545660851847424
261,0.7125844236347352
262,0.5883739916297756
263,0.4997293282454268
264,0.5672410388291236
265,0.8287116902544143
266,0.5360144021344788
267,0.4096273653744926
268,0.2987771870023077
269,0.5392608460799068
270,0.007956509436173433
271,0.6958520427913606
272,0.5587440297277569
273,0.6608413179978954
274,0.18796878150802887
275,0.5247799979549501
276,0.3962051744080169
277,0.8021214176546921
278,0.3501140336683605
279,0.5858172709122293
280,0.39613188820708617
281,0.4932138425480348
282,0.6007490666245923
283,0.01964609482298189
284,0.14646432583908633
285,0.8763135790068532
286,0.6148763594082407
287,0.4716539559727128
288,0.0
289,0.43303123128711324
290,0.35308833959955693
291,0.08136023722341307
292,0.11588285576754317
293,0.5928848483690223
294,0.25559687010115584
295,0.0
296,0.543210790543778
297,0.7143646208321889
298,0.0
299,0.0
300,0.523245475583643
301,0.40861608138372435
302,0.46955608757674555
303,0.1405826255712009
304,0.4925904081002011
305,0.004527178488680063
306,0.3955338954261699
307,0.5530307404664907
308,0.3801904395090897
309,0.4700313986287322
310,0.4168607474365026
311,0.5652510376687392
312,0.009953141599379062
313,0.3246716837230471
314,0.41319991934277295
315,0.4843349016343942
316,0.3717771630597536
317,0.504710297805399
318,0.3906742557502719
319,0.262176639952737
320,0.5296857882154823
321,0.3808098826823025
322,0.6383420372747385
323,0.09558077163024453
324,0.0
325,0.6012935178055239
326,0.4103827635573779
327,0.4411292578175228
328,0.12327005536081471
329,0.740624618987693
330,0.12104532808075902
331,0.14735199392658077
332,0.3471876488469688
333,0.3214602417288992
334,0.4791301014693066
335,0.5436021449466608
336,0.2175911370213459
337,0.15465420964455176
338,0.21680476040383964
339,0.7948707240554294
340,0.07427858404588446
341,0.27749985244137737
342,0.22141073322825253
343,0.0029347459662314368
344,0.7202803749576866
345,0.4944403721070756
346,0.1356507186406487
347,0.877378350091761
348,0.0
349,0.3924104937391623
350,0.3609794991557392
351,0.5402295625015308
352,0.2459478739830957
353,0.27194559135185314
354,0.5389912398085057
355,0.2780358043558312
356,0.7522119382389951
357,0.43120244256165097
358,0.33028595435085467
359,0.6543190859791967
360,0.4918185558853712
361,0.30096478069363763
362,0.352965924773086
363,0.606749960330104
364,0.4429135875134592
365,0.5961186696094859
366,0.6271077714961256
367,0.4025147542884201
368,0.4386931897082826
369,0.12419916724200922
370,2.08654672474381e-05
371,0.5185260191503844
372,0.37744306432693064
373,0.5161250334365193
374,0.5452363580853821
375,0.6029486311534886
376,0.48421267751694913
377,0.4412628127508766
378,0.4413171115046549
379,0.04244689388762442
380,0.12934585743657187
381,0.42988352662474943
382,0.44544781712101983
383,0.2886286769181075
384,0.6149690595084762
385,0.46507712390240724
386,0.7663518508816932
387,0.15711954163936986
388,0.4780277029295834
389,0.18155266701805509
390,0.07847467540392858
391,0.6589743198544005
392,0.4775461805253819
393,0.2014211237528326
394,0.5468154055563507
395,0.5490334894295327
396,0.16361006192227534
397,0.6488639462075649
398,0.031133364176637635
399,0.4849642863929108
400,0.460337395071146
401,0.6674164174537095
402,0.35414193265211025
403,0.47838731732496226
404,0.4061726768007247
405,0.25889474768129295
406,0.5513666652416589
407,0.591559890714058
408,0.5353389606158295
409,0.39502725958572393
410,0.4765531159712716
411,0.6989212819570663
412,0.3793800688161978
413,0.0
414,0.324633094035122
415,0.17804663659552988
416,0.35617489153703064
417,0.6370242449390306
418,0.09427285706689066
419,0.06019589202226227
420,0.29385329781125463
421,0.47362960712186064
422,0.45381192483096383
423,0.4340222435941435
424,0.22908122093493266
425,0.5507783467440164
426,0.6120089276575958
427,0.596895542283704
428,0.20018540154447723
429,0.24132032050870122
430,0.6780668576396527
431,0.19584634122274808
432,0.24540776190742342
433,0.1332916104582403
434,0.0
435,0.3056425451840953
436,0.10757965478950647
437,0.09206612239777491
438,0.2197942519985311
439,0.7092098474618843
440,0.7095919126871797
441,0.5615134894625348
442,0.0
443,0.37760544998299156
444,0.6534383271707206
445,0.19847760975270073
446,0.455381760926856
447,0.018358040914689903
448,0.4730754808262018
449,0.17122854242069185
450,0.17118696543107673
451,0.5192074031569965
452,0.7099732277889202
453,0.5150761028330987
454,0.0
455,0.3264028986630493
456,0.2394886615654966
457,0.49573179734915673
458,0.19177992593483967
459,0.4468382901860574
460,0.7000712305074956
461,0.3224132571599747
462,0.7490784761074374
463,0.2298099667054826
464,0.4196823607440902
465,0.5888263799263915
466,0.36644123934247935
467,0.3964396912854693
468,0.5149489242669096
469,0.3785470844345456
470,0.5435415924526881
471,0.4907374663603217
472,0.6366987350011794
473,0.3088048583947122
474,0.02999607931669407
475,0.55124916097894
476,0.00794587557985453
477,0.8196331646398151
478,0.5080274809574836
479,0.381943900392914
480,0.5979798882497717
481,0.4425687381870458
482,0.45638459003193305
483,0.6448640441486144
484,0.30581181933130763
485,0.44423682902234235
486,0.5436714023992947
487,0.5730202907777784
488,0.52075759956531
489,0.5539277950410377
490,0.40610228759234834
491,0.4934804296655746
492,0.14129355921048017
493,0.214506356551048
494,0.5136663145951439
495,0.607393582649593
496,0.2338131710782343
497,0.3755963140383537
498,0.02521956404804266
499,0.33667607276068473
500,0.1361400058841745
501,0.5442399683206011
502,0.38065054206445037
503,0.10711147462407826
504,0.5217013689415688
505,0.5875182009113582
506,0.3236460921233307
507,0.5054930319547528
508,0.37095416143118964
509,0.30871500731164636
510,0.4263934658853053
511,0.397242267499059
512,0.5391127032679874
513,0.017921848711329347
514,0.42984770476968287
515,0.4537747847420632
516,0.05548526758617763
517,0.42128133515274696
518,0.5000567510532797
519,0.566986893308683
520,0.4394378693594891
521,0.13995768009938325
522,0.4541695450295693
523,0.44907292848373515
524,0.32183470692435445
525,0.4970106526888646
526,0.5396135714787362
527,0.31152628849036224
528,0.5293003667582894
529,0.5526953144190658
530,0.6766164480711327
531,0.710617132526918
532,0.4401492964007601
533,0.5826570809804547
534,0.0
535,0.11950689097934347
536,0.5915281195307004
537,0.3187370312502706
538,0.663245738580145
539,0.8216710973429974
540,0.48713145809006303
541,0.2727828910720384
542,0.09704746337795704
543,0.567339751351826
544,0.5292325042191787
545,0.41256437823644937
546,0.25889075982622395
547,0.5166101909061002
548,0.3872970612720213
549,0.5188287073916613
550,0.5433010682740755
551,0.7048904754088302
552,0.473347816724502
553,0.5150519773056137
554,0.3807134173822131
555,0.46487967198837776
556,0.5889501610651325
557,0.0
558,0.1178723705802845
559,0.4323292790195514
560,0.4588538899773774
561,0.35310737632233535
562,0.25577903942494423
563,0.3732516331275138
564,0.8011683742422492
565,0.45053015818375325
566,0.02994968004090363
567,0.49872311615770154
568,0.4202907387341101
569,0.24222777766424614
570,0.3925388581050936
571,0.5544970373011398
572,0.5157495547484665
573,0.7629566998415619
574,0.5024594241509147
575,0.4784919772431949
576,0.4524949122219576
577,0.7817898798014167
578,1.0
579,0.4639334781902146
580,0.18251980492957515
581,0.5992970845657651
582,0.7433155261242808
583,0.6253811285395984
584,0.5153386798127393
585,0.5029715314143489
586,0.3444258039149585
587,0.605142310252111
588,0.6272229727567588
589,0.0
590,0.4520906270665967
591,0.3977158293855806
592,0.44531967935317246
593,0.560067294587168
594,0.9966478375272326
595,0.5350479823463473
596,0.0
597,0.33281721817905624
598,0.08151032711310233
599,0.06510757792117822
600,0.7514772514804386
601,0.630676995642837
602,0.1390561443517828
603,0.6442585532495397
604,0.5939084058048626
605,0.5355468249748913
606,0.712398800753656
607,0.47866232882948634
608,0.3664929569957441
609,0.6522815388082331
610,0.146310421320184
611,0.7315742337868735
612,0.5349302978557409
613,0.005426979622778419
614,0.2058220645237425
615,0.4073938514566029
616,0.48929461781797917
617,0.46921826941412426
618,0.17833329421581973
619,0.4520964013545457
620,0.6535689319366167
621,0.22603316126335965
622,0.33208126529742915
623,0.11941894234201512
624,0.0
625,0.4838746913949624
626,0.4813419021082294
627,0.0
628,0.5976281066204827
629,0.5460885839556244
630,0.5755235286739496
631,0.25831614472795367
632,0.7666349631075766
633,0.417848745384521
634,0.6421672117193636
635,0.31898747785915693
636,0.23625881886021313
637,0.725415301514114
638,0.3181957591984716
639,0.4428671726678591
640,0.5230345768909197
641,0.41801080336446056
642,0.5302132971774057
643,0.002272404285087757
644,0.4534301481466475
645,0.26594530042572234
646,0.40557430558520186
647,0.2645961498328418
648,0.07972105486423257
649,0.41886387042362266
650,0.4028450090126688
651,0.28995173056922824
652,0.08831640556579966
653,0.30556194010458637
654,0.008513401766015768
655,0.031153418504405325
656,0.20956227819378118
657,0.3016453509941198
658,0.7640098451413827
659,0.5016124774467281
660,0.11896956018788035
661,0.39572197730557146
662,0.4068637355959559
663,0.012625417299340032
664,0.36144212199104137
665,0.006554559695020394
666,0.5200003726045128
667,0.26405812629874936
668,0.8255682618394835
669,0.39659061849032895
670,0.47251248946639496
671,0.29211781565043754
672,0.7931790811417794
673,0.15084670875012093
674,0.606351371753944
675,0.2784487615780683
676,0.4661109151000277
677,0.0
678,0.3057109475651122
679,0.29614394461461185
680,0.4230904826952371
681,0.004383248005149341
682,0.3436066419048581
683,0.8107310230707294
684,0.09923939885821263
685,0.41275085188318184
686,0.4380061383101176
687,0.11692572132167028
688,0.30284890620129257
689,0.30012827890028093
690,0.4103337473147901
691,0.18631135645487007
692,0.6850303885364165
693,0.5368710402555771
694,0.6312503564164456
695,0.6218850017291616
696,0.2848690794644784
697,0.46078404395997996
698,0.2533372493043136
699,0.5811445676492252
700,0.07655973276771737
701,0.4308432084244827
702,0.49396763049639775
703,0.26134829721350283
704,0.6102954317765504
705,0.6136616254301804
706,0.42924673612006053
707,0.4940023562177091
708,0.5254370336460155
709,0.5387710107363309
710,0.16346065578245103
711,0.3112534798608922
712,0.5549101576897371
713,0.0
714,0.3946763112180103
715,0.29035961961052603
716,0.1341018271653917
717,0.6424669342096133
718,0.19229925660331723
719,0.7854794463630003
720,0.39076976428720955
721,0.4964171016230195
722,0.5792410278709943
723,0.20431625823160457
724,0.3852268139997583
725,0.5262507714031661
726,0.5754696230672085
727,0.4757170938128501
728,0.3722137360628866
729,0.6125881784196389
730,0.4355275443011677
731,0.348204406122755
732,0.23091786983715978
733,0.44266097814845023
734,0.5686935541433827
735,0.0007108730926402967
736,0.5333960049770362
737,0.46903835894962687
738,0.4295752786738179
739,0.3942329638228603
740,0.48106120109038203
741,0.726474192203803
742,0.668490281305897
743,0.5833398186117146
744,0.3326917690468042
745,0.30777122181279354
746,0.5309379741935413
747,0.5746724451436109
748,0.3483729889731378
749,0.3950186348364881
750,0.11183471427906357
751,0.62929042217396
752,0.6016518671738027
753,0.04998978277049828
754,0.0013168446684699855
755,0.33291245457693136
756,0.047376546871082656
757,0.5707179527952206
758,0.618057508746057
759,0.33736084690971424
760,0.07484653444649536
761,0.33664765086861903
762,0.5400004869999226
763,0.5877268032444023
764,0.4326635009142586
765,0.0
766,0.25079376503752016
767,0.3045859764709681
768,0.4258699411088221
769,0.4323861739034711
770,0.26662225033080994
771,0.5727632777582463
772,0.22103664723617344
773,0.7200286880957422
774,0.18717733521153218
775,0.09827481187052806
776,0.5973809153116426
777,0.19821793304548288
778,0.41050942816091684
779,0.547905303012619
780,0.3052819725412107
781,0.5517998816533465
782,0.410310949754915
783,0.7500126717578329
784,0.6102097757112148
785,0.5291926336795787
786,0.6623781501243589
787,0.0
788,0.12715461262325284
789,0.6844981725132158
790,0.650033184014757
791,0.4273331315003554
792,0.3990289293246544
793,0.012216236638858343
794,0.6367042131279573
795,0.646552796251201
796,0.3508524253862335
797,0.3755594175073448
798,0.4171252347313786
799,0.5151520354184002
800,0.3481552194622606
801,0.40052876188855796
802,0.33781750562495994
803,0.34701138360018735
804,0.6013609755684101
805,0.5676828670892262
806,0.0
807,0.0
808,0.46903534082717585
809,0.5408077597380065
810,0.5497995106887834
811,0.47438999807183513
812,0.3741826290103501
813,0.3246701464207046
814,0.4165703067131515
815,0.736532679072852
816,0.32886259949431335
817,0.7582941563077003
818,0.07894052479119679
819,0.2343134909094584
820,0.14922141245559398
821,0.3779478055969167
822,0.4771053884022018
823,0.2953648574600367
824,0.2215683916396567
825,0.34183379700571837
826,0.015377817870523863
827,0.3054843411661163
828,0.21748108238100505
829,0.5057736196748345
830,0.5586416639776143
831,0.2660652878034668
832,0.5930108449119559
833,0.44625768334359184
834,0.32279283479842996
835,0.0
836,0.5927643492206799
837,0.00872705751454314
838,0.551463196614637
839,0.2144323738637341
840,0.2409104174798033
841,0.4463228612112183
842,0.22093074795236148
843,0.46288734205919996
844,0.47950391245798946
845,0.696380582822552
846,0.6688637433964971
847,0.3701341039692418
848,0.3833460653631836
849,0.47453352353751027
850,0.0
851,0.39565423307022896
852,0.21434142106065185
853,0.5178405471657892
854,0.3256500056643616
855,0.46149788927054963
856,0.46420271864069074
857,0.6338051159353187
858,0.5055552698740332
859,0.36224251221299
860,0.46431874258831024
861,0.5496356732280783
862,0.548616510064071
863,0.3809993502670412
864,0.49073134622666426
865,0.30259030027712347
866,0.5813332181549943
867,0.3677478245471383
868,0.2957779224562967
869,0.0
870,0.7443430522296441
871,0.49358570575991323
872,0.3741446432843273
873,0.4127463408320647
874,0.6251441516018462
875,0.4323177167146567
876,0.8593306968303592
877,0.005575788587298273
878,0.4968405572839125
879,0.49523643861709754
880,0.543982656804866
881,0.5288579454415517
882,0.39476886208780576
883,0.7371577429714292
884,0.5852900439865631
885,0.0004898319816323858
886,0.26038043461349664
887,0.729804336432673
888,0.41731624138415635
889,0.494462152497589
890,0.3085155439024855
891,0.4130737327466145
892,0.3796504585729238
893,0.18582060109377377
894,0.45689898630461395
895,0.027121663707025345
896,0.15177852561983596
897,0.1387586158871299
898,0.44601387154867883
899,0.3024282613595943
900,0.146104218146949
901,0.32283579797669254
902,0.3115186094944066
903,0.48692311469741834
904,0.08344634215244523
905,0.032345519455964686
906,0.4448975770241932
907,0.3911192195674626
908,0.026750719508530266
909,0.0
910,0.5423719233754554
911,0.49671189192101006
912,0.42811582710834994
913,0.4754836052506955
914,0.30626815881087505
915,0.8930044807975361
916,0.003411888209930036
917,0.5663694976598099
918,0.3644783953999504
919,0.6176287517915523
920,0.2518401751800166
921,0.5210453055984956
922,0.0
923,0.27439968158526246
924,0.03856592658265546
925,0.6545644777776137
926,0.1575356405470266
927,0.27821179348901015
928,0.3534637890881612
929,0.5639981369820891
930,0.6991592968824576
931,0.5278882655375853
932,0.5617487512024186
933,0.425041925367223
934,0.37361043325560506
935,0.3820895464046765
936,0.4992286741081053
937,0.5812883953262997
938,0.5693685952869538
939,0.6001136037557379
940,0.0013670495664875669
941,0.38553079262044654
942,0.3321604637287958
943,0.0
944,0.5200446902576881
945,0.47395041040188546
946,0.539714809904263
947,0.4687665564594615
948,0.5337309462002495
949,0.6161548842060536
950,0.5037712229109166
951,0.0
952,0.23467134755138097
953,0.20526391968325058
954,0.23769756878793188
955,0.12493953867116
956,0.668557751494548
957,0.2859815923368984
958,0.3595260292801993
959,0.5268200878018728
960,0.3359985978805545
961,0.5856241743654849
962,0.49455994753533894
963,0.49970528434700706
964,0.5530183768013152
965,0.4917147595097471
966,0.4224517121423137
967,0.35101863219147256
968,0.4658997028488164
969,0.26413673343714467
970,0.43316375197081175
971,0.38793369839319514
972,0.5735724688178194
973,0.5933670298314472
974,0.696296672823039
975,0.5878405174110201
976,0.11445727953628707
977,0.5931584733858725
978,0.567533221423968
979,0.48560175551608514
980,0.3297284159264459
981,0.6059091857119995
982,0.21460234200097159
983,0.5190656799879398
984,0.0
985,0.3919071666278322
986,0.4586883005378356
987,0.3611301610650097
988,0.44524256463269096
989,0.5785602000232937
990,0.34966320833921155
991,0.37297303217994887
992,0.2881375439310572
993,0.0
994,0.5426349469156733
995,0.5476609822331968
996,0.01962845121305079
997,0.4728685998350274
998,0.7018762816853252
999,0.0
1000,0.48044749763249167
1001,0.6119666102033325
1002,0.4225635326364114
1003,0.10994220168793639
1004,0.6035246538574901
1005,0.7294189732561788
1006,0.6094138117832089
1007,0.0
1008,0.4758308677095137
1009,0.6225668648925408
1010,0.8222435337994545
1011,0.13928356321712956
1012,0.0
1013,0.6955806848635313
1014,0.527720578046076
1015,0.6128875817591208
1016,0.7308372475712549
1017,0.5347229720287768
1018,0.6397379916785969
1019,0.3519770111906951
1020,0.9624809223191602
1021,0.4622497734965937
1022,0.3746201107808444
1023,0.38214245545359443
1024,0.5560364403157104
1025,0.5088237539677869
1026,0.3841342951256377
1027,0.7001191150554508
1028,0.477791455036049
1029,0.022389427557882938
1030,0.7810585226182443
1031,0.38590117120761974
1032,0.41667259462595513
1033,0.4569704866187632
1034,0.4158441239714549
1035,0.43429375576695367
1036,0.4709887998168211
1037,0.43384573626524725
1038,0.39809044683345873
1039,0.6531771798859245
1040,0.5126914698442244
1041,0.49784583102907165
1042,0.26753808246332
1043,0.030792197204569615
1044,0.49709134967549995
1045,0.6057755804962379
1046,0.32435412000325986
1047,0.09701576435234406
1048,0.3627318412806173
1049,0.18911613812215852
1050,0.5929324370764824
1051,0.0
1052,0.4420331588168716
1053,0.25628652218051345
1054,0.386507525319084
1055,0.4364088098294118
1056,0.39599333431748845
1057,0.2687112310371374
1058,0.026407254914059253
1059,0.5352315084272476
1060,0.5849219488280828
1061,0.468373612533147
1062,0.28579245190638425
1063,0.5774369269947037
1064,0.5968841137544483
1065,0.49269325365456906
1066,0.0
1067,0.36734440983379385
1068,0.5509590571737176
1069,0.37501027824629124
1070,0.0020641879323775652
1071,0.5235327489276992
1072,0.7381086018289016
1073,0.12256238815621844
1074,0.3856893727805429
1075,0.4057167571519117
1076,0.20216336127496864
1077,0.47509357727317425
1078,0.09467814805967965
1079,0.6928531874169674
1080,0.2024161624449628
1081,0.8726288200594453
1082,0.401831573840738
1083,0.5384390787774967
1084,0.4094456758062261
1085,0.3926545722861977
1086,0.4054252147811777
1087,0.6398229011144441
1088,0.6041146288199726
1089,0.5899994583408565
1090,0.5159361579894342
1091,0.22079968221504526
1092,0.37691228645309494
1093,0.0
1094,0.46485624513442847
1095,0.8169977306076003
1096,0.2228207516535816
1097,0.009622466014706463
1098,0.18890844099767717
1099,0.6664698894318118
1100,0.5056760657020004
1101,0.5034454425453833
1102,0.24568484196103121
1103,0.13726934776040275
1104,0.0
1105,0.458247241691812
1106,0.4182385863992587
1107,0.3500950516751767
1108,0.6096376571691805
1109,0.13193286440036017
1110,0.5899961023622134
1111,0.4867342516781201
1112,0.43121278354659226
1113,0.5459917166539239
1114,0.36888046029980087
1115,0.13709110861150048
1116,0.20813341116975703
1117,0.7803260319568411
1118,0.6757024397667624
1119,0.22818067498351918
1120,0.568868474605391
1121,0.651390249027301
1122,0.3609973018822447
1123,0.6005294907904759
1124,0.35903076137123263
1125,0.4527517677191077
1126,0.21905150972858478
1127,0.5090018912422419
1128,0.7985078064010087
1129,0.5587029490075025
1130,0.4151476839404008
1131,0.3305182117700146
1132,0.4511360807861061
1133,0.4966398024941581
1134,0.5992671804766415
1135,0.32903282790531996
1136,0.2868945869906492
1137,0.6169490417146614
1138,0.24244480927581322
1139,0.5205168121102833
1140,0.16780377180118589
1141,0.45837396426376387
1142,0.5340308964280871
1143,0.4636612210156162
1144,0.1020187445309699
1145,0.1693425917064073
1146,0.5697976890168316
1147,0.4536609646935297
1148,0.5038634326124625
1149,0.2526894365799565
1150,0.5032205725797224
1151,0.8864181825495158
1152,0.2974256212918645
1153,0.34828852026072665
1154,0.46142516957307605
1155,0.688656939326259
1156,0.28656338694957184
1157,0.4032590198877015
1158,0.48868631386315786
1159,0.490153311388355
1160,0.4875202783013527
1161,0.009877426846110177
1162,0.2633525728832404
1163,0.28797295657049193
1164,0.6282423683137496
1165,0.3993882015980539
1166,0.3569589461988844
1167,0.20574901123725725
1168,0.33903052106773385
1169,0.8039115322811184
1170,0.47523217877624346
1171,0.0830765694647206
1172,0.021214572443544497
1173,0.459234807975858
1174,0.04204154402211385
1175,0.5236417213344731
1176,0.32778191810310314
1177,0.35477147781776663
1178,0.47203077363911905
1179,0.4226703456980828
1180,0.5561584370150381
1181,0.753843272797501
1182,0.5296072704630008
1183,0.4257946109443986
1184,0.11873569986787519
1185,0.5847098630661135
1186,0.48643541214245234
1187,0.35470339437316084
1188,0.48929539848482406
1189,0.42531395866488525
1190,0.6492347896288367
1191,0.4921500770197389
1192,0.15086829203579494
1193,0.31048355107580466
1194,0.0
1195,0.6763296488222111
1196,0.631897611855273
1197,0.46156209514335084
1198,0.5180552636949906
1199,0.6874527612731718
1200,0.10379898893777681
1201,0.14785610845617375
1202,0.647210375318191
1203,0.6739531464632296
1204,0.5473840855598026
1205,0.2587848816614897
1206,0.18221043556125616
1207,0.6744579618998524
1208,0.44384902829903267
1209,0.6137960429638141
1210,0.7810124522611908
1211,0.007105408259073226
1212,0.1744443423263822
1213,0.5502041876289183
1214,0.37066187730424255
1215,0.46803186908402605
1216,0.21467602187038012
1217,0.3664922149238801
1218,0.38306458403772786
1219,0.15303667645043456
1220,0.28083146123083785
1221,0.48744286564934264
1222,0.4741664289925094
1223,0.5974929058514812
1224,0.502257975968118
1225,0.4390742030609023
1226,0.08076168405649556
1227,0.7501573693141217
1228,0.5315594331566778
1229,0.6494082279679049
1230,0.23216953229529314
1231,0.3766256463620026
1232,0.5336266308774702
1233,0.47931327374511323
1234,0.5403226592890793
1235,0.2777456295061356
1236,0.591255502422254
1237,0.5439191681970997
1238,0.5804801000511419
1239,0.49479182590615434
1240,0.539755085339826
1241,0.3713940631131406
1242,0.9877724642663926
1243,0.15148482343339664
1244,0.3608818212456796
1245,0.7085636134547266
1246,0.5631523506192553
1247,0.32736154046343163
1248,0.1997655618918465
1249,0.5119389731268086
1250,0.5292461165408898
1251,0.4441272522063961
1252,0.0
1253,0.6489964106893549
1254,0.1565581449333549
1255,0.5159589214860173
1256,0.6152120806602637
1257,0.4201866961035659
1258,0.610769543360126
1259,0.0
1260,0.49104053836296546
1261,0.0001110017484265742
1262,0.33874497209439874
1263,0.16302873934183726
1264,0.6286949198635501
1265,0.29893738511818085
1266,0.6046484954659613
1267,0.3564339612205969
1268,0.5063269400414168
1269,0.0
1270,0.5450559498794272
1271,0.32955344814046034
1272,0.6321573547529534
1273,0.6070426643048256
1274,0.09591394140086061
1275,0.44657038405319577
1276,0.5495499481791241
1277,0.5455823543914002
1278,0.4854895377189803
1279,0.4812591626364142
1280,0.31714304881627864
1281,0.35894202582467544
1282,0.37624532760561674
1283,0.4723492737176001
1284,0.12289498565941552
1285,0.16836768735162447
1286,0.4718943265192519
1287,0.6274399593160604
1288,0.10767600790245181
1289,0.3035813832440052
1290,0.3174696444337128
1291,0.5578528132254797
1292,0.218086972209351
1293,0.3570009051916559
1294,0.5011960969912225
1295,0.03550590698049353
1296,0.5200598682162166
1297,0.6134713282369662
1298,0.566686356318926
1299,0.4455651085379773
1300,0.5099485573289034
1301,0.32898299717858515
1302,0.1418454135283888
1303,0.4402232972255277
1304,0.5583990166255224
1305,0.22356723258739647
1306,0.40369836632836537
1307,0.26980725312914905
1308,0.4157063246847211
1309,0.17048329754348343
1310,0.6575703984854965
1311,0.19165040508142972
1312,0.24373621736769666
1313,0.22162257986985479
1314,0.7570407832237904
1315,0.5440250634850049
1316,0.619623849122746
1317,0.6817862616688514
1318,0.1955706524136165
1319,0.4741471030779824
1320,0.5871179058384554
1321,0.0
1322,0.5408176510583046
1323,0.0
1324,0.3900984911683155
1325,0.3929702667358149
1326,0.5444442962533717
1327,0.433387720012249
1328,0.21505098574577947
1329,0.23113371474078234
1330,0.4800274705490672
1331,0.2389481368256642
1332,0.2903495593076195
1333,0.17143182810420043
1334,0.5072111535745157
1335,0.773320750880615
1336,0.0
1337,0.4903412825450058
1338,0.6518958650327489
1339,0.2819433345567785
1340,0.2716059223192104
1341,0.5456790136164806
1342,0.5588419351296289
1343,0.7029699247036788
1344,0.5762234710954127
1345,0.5479699117388909
1346,0.49518029451267853
1347,0.31296084875928987
1348,0.6089687351592389
1349,0.6876338856159039
1350,0.5686803476871368
1351,0.7141663879363273
1352,0.0028864324293159673
1353,0.6423408989163056
1354,0.37701170549003277
1355,0.42645420091850156
1356,0.5311507878148624
1357,0.5410285508737778
1358,0.5705122366701788
1359,0.44063470604960514
1360,0.3736334845017454
1361,0.5370544950563828
1362,0.3075532331254115
1363,0.3653203824705755
1364,0.5392862151938812
1365,0.6550954533573828
1366,0.3281649189661506
1367,0.4068259198295044
1368,0.5021435442252362
1369,0.23328798327756817
1370,0.4479971972373792
1371,0.10358485010887884
1372,0.5378320588148834
1373,0.3201858037636903
1374,0.16318278222505925
1375,0.1817584811317899
1376,0.3818288284948256
1377,0.6111170897272471
1378,0.3822047457580868
1379,0.5320107999739992
1380,0.5876711362197582
1381,0.28872491344256873
1382,0.34898726741997677
1383,0.6235197732170537
1384,0.5712872476095231
1385,0.7482430726869556
1386,0.5312439244863593
1387,0.0
1388,0.4312740376570226
1389,0.4446545994608327
1390,0.622307496647485
1391,0.5010340183559138
1392,0.524859945632283
1393,0.3011225973233035
1394,0.26926768481779795
1395,0.48960702787216925
1396,0.6382656005492835
1397,0.5020153406394131
1398,0.3047622283063461
1399,0.297777477090393
1400,0.30005476211580745
1401,0.43546337706845495
1402,0.0
1403,0.07587594247809286
1404,0.6776140645770444
1405,0.34342810715479277
1406,0.554719614810558
1407,0.6442353484947219
1408,0.7153089004929826
1409,0.45891117135113013
1410,0.4142709809894053
1411,0.46121189497020415
1412,0.04043196898355061
1413,0.7082674076634196
1414,0.6275458549567705
1415,0.31457261435889544
1416,0.10263606987781468
1417,0.0
1418,0.6263797607168131
1419,0.00041108260948767567
1420,0.5204838086937991
1421,0.5891716244155466
1422,0.5098617843655495
1423,0.07571305015391282
1424,0.49659325164758844
1425,0.3601560321944517
1426,0.28386708425696683
1427,0.554032142941925
1428,0.6355096450158234
1429,0.5406446292217233
1430,0.00218823164321469
1431,0.2501461167664988
1432,0.37242325338297166
1433,0.5133598285470123
1434,0.48013241126678924
1435,0.3273344864776176
1436,0.0035368747457135198
1437,0.26570566080857894
1438,0.6006852252581131
1439,0.3080433143822237
1440,0.44700160900381924
1441,0.6644828544240526
1442,0.34706836630791227
1443,0.2539648182845687
1444,0.6837932203543279
1445,0.5973320691570772
1446,0.6036281956651519
1447,0.27604276742498096
1448,0.44680279363487585
1449,0.2722188734851301
1450,0.3736141387819018
1451,0.27136859028164784
1452,0.32438563740787946
1453,0.18191587308418466
1454,0.5720572728232793
1455,0.4961574538246688
1456,0.6690460055243483
1457,0.4684757987787637
1458,0.2869911501942543
1459,0.3337061605766262
1460,0.0
1461,0.033702001118492364
1462,0.12492876737091733
1463,0.32246477993593115
1464,0.33821851509137313
1465,0.4903258709857562
1466,0.4655608711894016
1467,0.20149074019923643
1468,0.5033207934337454
1469,0.2902838154174812
1470,0.46340081320250026
1471,0.0
1472,0.17767311823868137
1473,0.38308833919239504
1474,0.3383140648958719
1475,0.4624451656120892
1476,0.6005379345843386
1477,0.5461275614186385
1478,0.5639198058895063
1479,0.5331749242610171
1480,0.6028334601012248
1481,0.5436985001503747
1482,0.4291871602985436
1483,0.6743471371436306
1484,0.3196917581461862
1485,0.5666742563818697
1486,0.46477340273591106
1487,0.6210120169623872
1488,0.4161215826458268
1489,0.47975599090989374
1490,0.6377050477952408
1491,0.0
1492,0.4794683924260355
1493,0.6119625309307671
1494,0.5421812148734534
1495,0.12316101219849532
1496,0.46659022550168416
1497,0.6767945856275885
1498,0.3932467054556723
1499,0.32696100546127266
1500,0.34819527565537145
1501,0.0
1502,0.6280041534119963
1503,0.5086549015412873
1504,0.0
1505,0.5875115009037922
1506,0.32262555117533637
1507,0.5594762667334047
1508,0.5760364288543999
1509,0.2637215875984061
1510,0.38232590497979746
1511,0.08309562293787326
1512,0.6338872759287588
1513,0.5524253252348947
1514,0.32299997670646696
1515,0.269861706714643
1516,0.0003672049508647392
1517,0.4167447851962564
1518,0.36232681585317916
1519,0.5525702806477816
1520,0.06605049479629815
1521,0.5623666278754317
1522,0.02892911914503761
1523,0.48214905755129617
1524,0.5071249130950203
1525,0.5027269322407018
1526,0.3784942464964106
1527,0.5499570081455447
1528,0.021717000390809663
1529,0.6349178890708186
1530,0.451155288089224
1531,0.5522082401288282
1532,0.5513463477699454
1533,0.5264761458613817
1534,0.6668655727177084
1535,0.5118000437522762
1536,0.0
1537,0.37487414427313365
1538,0.5533696024555966
1539,0.41740112170374405
1540,0.6812145227095705
1541,0.7424601217817678
1542,0.3412389729773327
1543,0.4311335636232744
1544,0.1884295255975632
1545,0.20576253697590519
1546,0.5796308983694927
1547,0.24545436074046575
1548,0.0843983667160767
1549,0.9145274421744304
1550,0.5028551917126844
1551,0.431034111964949
1552,0.954112492802354
1553,0.0068221554353375315
1554,0.4728669982854864
1555,0.6250617176188056
1556,0.6848690338714906
1557,0.5307431557694521
1558,0.31729822772256694
1559,0.7133236649423742
1560,0.531150536538457
1561,0.3651180661818917
1562,0.6360146069436096
1563,0.4586414643378518
1564,0.1920729946449569
1565,0.5570368861629903
1566,0.4985946683693912
1567,0.7093844027156425
1568,0.018098883390386775
1569,0.0
1570,0.7005028785483549
1571,0.38272071654449086
1572,0.5886568826765043
1573,0.5651820376895812
1574,0.4106962634172441
1575,0.4417458850225369
1576,0.5770160294952019
1577,0.5041199053313419
1578,0.0010386267919433986
1579,0.5488232668858024
1580,0.3020190935689432
1581,0.37964900568342635
1582,0.04523725235917659
1583,0.7509983595100556
1584,0.0802672239019354
1585,0.3750664603833945
1586,0.44055242719480864
1587,0.5591415799086872
1588,0.5442115082535448
1589,0.36567854921168624
1590,0.43150029762200215
1591,0.698839089337645
1592,0.5465209433112813
1593,0.3963976959629963
1594,0.07289353972565431
1595,0.46004602704811115
1596,0.3093842873069027
1597,0.4178641821145307
1598,0.3907475777148716
1599,0.492098285898771
1600,0.2921006652475719
1601,0.6560602800082288
1602,0.6255528806144283
1603,0.2736285570251439
1604,0.3676244657527704
1605,0.34825223376805353
1606,0.5298158563428124
1607,0.4142877530468193
1608,0.4081524654229511
1609,0.42523899664866577
1610,0.6008313576776803
1611,0.5530142981780384
1612,0.0
1613,0.454748418366986
1614,0.3322438598317005
1615,0.1717561106586087
1616,0.37115461644189346
1617,0.47595806105838356
1618,0.7314391306872116
1619,0.07102965466918401
1620,0.6993687984032433
1621,0.5539675064894757
1622,0.1046878651964453
1623,0.0
1624,0.6353834315000332
1625,0.6991873069459453
1626,0.49832958619255746
1627,0.683622913275186
1628,0.6310764886122774
1629,0.5383746925345787
1630,0.5343407043431755
1631,0.5563523970643598
1632,0.39298774126374797
1633,0.42637240987340913
1634,0.5385249013048562
1635,0.5953441612849476
1636,0.5043426360081309
1637,0.25758445886572184
1638,2.4303920211003267e-05
1639,0.5759599599435317
1640,0.34157760228046
1641,0.3764225747379854
1642,0.22252324247282734
1643,0.5216172858221697
1644,0.32558797062258715
1645,0.522621735915779
1646,0.4122047600104227
1647,0.42050724858520794
1648,0.41837115526728785
1649,0.46952168687557294
1650,0.4860163889531883
1651,0.64369296528321
1652,0.28920806281279815
1653,0.5265279532633831
1654,0.36123210144959467
1655,0.7343413061173528
1656,0.20678971573120986
1657,0.6439010082683854
1658,0.4684893744994433
1659,0.19141311879105138
1660,0.3466649370663126
1661,0.5821127007279544
1662,0.40799912515528
1663,0.5934053917518474
1664,0.7090182305864088
1665,0.36563061977311817
1666,0.5557573995992614
1667,0.6658786242818243
1668,0.6558126906519681
1669,0.45889533155288553
1670,0.5134759019762342
1671,0.6515917777940814
1672,0.3573743378169268
1673,0.2165938222900409
1674,0.4889419117990552
1675,0.2268915378452788
1676,0.5688075461251906
1677,0.13467715995916843
1678,0.6996771741578607
1679,0.37181652167878426
1680,0.24480525406783382
1681,0.5055338533735796
1682,0.34284355392499966
1683,0.36300962961430583
1684,0.5034382555835469
1685,0.5012535624897648
1686,0.29884821686615487
1687,0.5375455201008411
1688,0.00905337244970363
1689,0.48411679989079587
1690,0.47905823936509956
1691,0.4226457787044265
1692,0.48220419556154104
1693,0.14787694246414712
1694,0.015408502261127508
1695,0.3712720271371984
1696,0.5128464771652032
1697,0.5303837904881638
1698,0.0
1699,0.3367053752118217
1700,0.31521917288849194
1701,0.5228345793772762
1702,0.3788359904973604
1703,0.22533191996688565
1704,0.48994889649288176
1705,0.6301924094788823
1706,0.258749851586166
1707,0.792668238003104
1708,0.10751104537764399
1709,0.3295471136398623
1710,0.30760940008217696
1711,0.630910795607
1712,0.33997809637628884
1713,0.12742098300472113
1714,0.4248979732653782
1715,0.2732621303216645
1716,0.7214490471972695
1717,0.7758587742214593
1718,0.3904730629874235
1719,0.5510471252244614
1720,0.5403636488266492
1721,0.37610563631257987
1722,0.45820583653636937
1723,0.42944501248963085
1724,0.5015054439829106
1725,0.916929304468854
1726,0.15921821016394277
1727,0.7306316644902255
1728,0.6070254961515965
1729,0.45285320696918413
1730,0.5341633824437554
1731,0.5417505498092402
1732,0.5119668869621727
1733,0.6459320118277753
1734,0.6011292377750772
1735,0.5390604160724662
1736,0.30104869725940486
1737,0.3262397650547947
1738,0.28213085901021173
1739,0.3114872651083233
1740,0.014961685989916648
1741,0.7480037960483253
1742,0.5692102724594678
1743,0.4984490220099493
1744,0.34017334877461713
1745,0.4724363429531045
1746,0.5086300600221407
1747,0.504301695352495
1748,0.0
1749,0.4187664306512846
1750,0.01980502223397909
1751,0.11753535726403536
1752,0.6614685322484417
1753,0.36807899517731885
1754,0.19704939144210928
1755,0.42950043166742186
1756,0.4353090121832172
1757,0.6628958181270947
1758,0.2132502877816008
1759,0.5545174517319749
1760,0.5598417866745966
1761,0.41717020919190806
1762,0.3466415203389484
1763,0.863746222141352
1764,0.5421492425163573
1765,0.4920190380940171
1766,0.7057522093772094
1767,0.53530769238824
1768,0.7229617741763683
1769,0.46055910222713115
1770,0.004380611586584862
1771,0.5967832879045898
1772,0.4437239565465289
1773,0.5183186834690804
1774,0.0
1775,0.653069412682623
1776,0.46071496535660217
1777,0.7003335446808312
1778,0.24838079025541365
1779,0.4254195642227803
1780,0.46256564794645094
1781,0.44593153750721126
1782,0.7043029986419096
1783,0.5979845954551555
1784,0.45654656346409156
1785,0.5128813034081975
1786,0.5699669673107474
1787,0.1809427446878298
1788,0.6142137001019027
1789,0.0
1790,0.166186703148145
1791,0.56779076744849
1792,0.8471774120533216
1793,0.6180983627867317
1794,0.4433705996563545
1795,0.6144925323122917
1796,0.6549859082573897
1797,0.20891295547026786
1798,0.3254328871634038
1799,0.14460908475237563
1800,0.27328785902246155
1801,0.5052401616625163
1802,0.3915929257628549
1803,0.42738973001747776
1804,0.33132674602066575
1805,0.42926779935100584
1806,0.08007028977873412
1807,0.7956939737509302
1808,0.06761828715213786
1809,0.25392173504362586
1810,0.08561018198318417
1811,0.24078934586322476
1812,0.5398033341292333
1813,0.5018693483148133
1814,0.6153930474499245
1815,0.6147798119178536
1816,0.2997687080206156
1817,0.41878854573358354
1818,0.4617787476232061
1819,0.4341675151092181
1820,0.40443497099349934
1821,0.23084043719796135
1822,0.6634050647085784
1823,0.47700335280130574
1824,0.0
1825,0.17553339107247834
1826,0.6615136442216465
1827,0.4834538733898435
1828,0.5096196758641303
1829,0.3310998428668311
1830,0.48510228783723486
1831,0.5267196280115185
1832,0.6438392252220347
1833,0.47096422093350726
1834,0.5275648053591876
1835,0.5607790833446521
1836,0.6027506150334808
1837,0.53742262074975
1838,0.0
1839,0.4859974796701372
1840,0.5033657604368483
1841,0.3563415077872613
1842,0.0460476576710974
1843,0.4918793335542193
1844,0.6469029815254537
1845,0.48990260916916256
1846,0.4817820109841121
1847,0.5292432288171338
1848,0.37009775371773923
1849,0.36032827609579104
1850,0.6562132466900964
1851,0.38563419605310373
1852,0.4775456081932337
1853,0.05249726542628481
1854,0.3515977818605104
1855,0.0
1856,0.6210525721857463
1857,0.6011248724125623
1858,0.367594932963219
1859,0.5606154739265273
1860,0.2614434112994395
1861,0.487983322003937
1862,0.25507317127428164
1863,0.5353416540857824
1864,0.0007322580310387729
1865,0.7138284909396432
1866,0.4052802984324005
1867,0.6007439584446703
1868,0.5428212083977336
1869,0.3301660294537195
1870,0.0
1871,0.5637369830929757
1872,0.28962107913855495
1873,0.27588633442474936
1874,0.6669915782458716
1875,0.5562782607999317
1876,0.12833848300979853
1877,0.37056576794748686
1878,0.6651170891348741
1879,0.42502628592626274
1880,0.6242350122823954
1881,0.6568292824515819
1882,0.612194145818963
1883,0.032132832523353014
1884,0.0
1885,0.3642650443009116
1886,0.41343888194260237
1887,0.48842100789536497
1888,0.3239325731190764
1889,0.45657356709943947
1890,1.5316907809337408e-05
1891,0.07170941053698666
1892,0.34308394448089324
1893,0.5338774073145074
1894,0.5805534757732238
1895,0.44515245986177926
1896,0.3719432041071974
1897,0.42865351487077197
1898,0.0
1899,0.6583151323186177
1900,0.2411064471169796
1901,0.2567978238373581
1902,0.3809241368236016
1903,0.7597246788644175
1904,0.39324901611781116
1905,0.5289277223487846
1906,0.1916286360774947
1907,0.6466050967492056
1908,0.5030374103051809
1909,0.7308768064170084
1910,0.5243614837159917
1911,0.29582327874467373
1912,0.4269801439438803
1913,0.15648097454407867
1914,0.6276612389572621
1915,0.35103070750134985
1916,0.34902402503055113
1917,0.8506778322457095
1918,0.4167438378128469
1919,0.3490378600249032
1920,0.4673418086091682
1921,0.5757234738508428
1922,0.6666362357997178
1923,0.3721555708553749
1924,0.44185190908711447
1925,0.36164150795689015
1926,0.4006821981624961
1927,0.4972539773498748
1928,0.4422746134932436
1929,0.4506852731946331
1930,0.37914247594045336
1931,0.005701827259779632
1932,0.5152564345068709
1933,0.7211152722717771
1934,0.10727398625117178
1935,0.49426587206331046
1936,0.7729147979296253
1937,0.4667394486922934
1938,0.12803989828519385
1939,0.08061826446389776
1940,0.14163703699990135
1941,0.06711032077735665
1942,0.45705426120527937
1943,0.6947751748034064
1944,0.5592463823332064
1945,0.5640892662203871
1946,0.3192319265334517
1947,0.23980627724143216
1948,0.5148018766953614
1949,0.4544398891560225
1950,0.0
1951,0.3802160181923211
1952,0.012165048781234658
1953,0.23928034760126143
1954,0.7489142840845268
1955,0.05845518479040171
1956,0.48489206415464975
1957,0.1184439203965292
1958,0.7499961159383216
1959,0.606509605692594
1960,0.1688859021816281
1961,0.4239709204627431
1962,0.46561893429760687
1963,0.0
1964,0.059355240010150835
1965,0.0
1966,0.4274858710916754
1967,0.41557805555363564
1968,0.34900448057227534
1969,0.5843050708881665
1970,0.6036094675103469
1971,0.5319012556581917
1972,0.3075615700616094
1973,0.49435770449772454
1974,0.37042052049773105
1975,0.4093454607585292
1976,0.44383849472152775
1977,0.0
1978,0.34967315614022093
1979,0.38408235255234363
1980,0.44651830318398494
1981,0.5069093446502165
1982,0.15291112372914675
1983,0.49868731875775874
1984,0.005061452774646119
1985,0.0
1986,0.023292079477939803
1987,0.7142761921909443
1988,0.2903859710310111
1989,0.3014909594762048
1990,0.4128952676503906
1991,0.5295246892794221
1992,0.44825270536859546
1993,0.402727565849526
1994,0.6859469321097965
1995,0.6990876983765762
1996,0.6537514654550279
1997,0.5707093855351866
1998,0.45641331247802586
1999,0.5410404526979482
2000,0.20672821508020306
